<?xml version="1.0" encoding="UTF-8"?>
<project-private xmlns="http://www.netbeans.org/ns/project-private/1">
    <editor-bookmarks xmlns="http://www.netbeans.org/ns/editor-bookmarks/2" lastBookmarkId="0"/>
    <open-files xmlns="http://www.netbeans.org/ns/projectui-open-files/2">
        <group>
            <file>file:/C:/Users/hafiz/Documents/GitHub/HS_WebDesign/Advance%20Web/OnlineBookStoretest/web/booklist.jsp</file>
            <file>file:/C:/Users/hafiz/Documents/GitHub/HS_WebDesign/Advance%20Web/OnlineBookStoretest/web/history.jsp</file>
            <file>file:/C:/Users/hafiz/Documents/GitHub/HS_WebDesign/Advance%20Web/OnlineBookStoretest/web/mainmenu.jsp</file>
            <file>file:/C:/Users/hafiz/Documents/GitHub/HS_WebDesign/Advance%20Web/OnlineBookStoretest/web/search.jsp</file>
        </group>
    </open-files>
</project-private>
